{"schemaVersion":"1.0","appDefinitionTemplate":{"id":"/providers/Microsoft.PowerApps/apps/","type":"Microsoft.PowerApps/apps","tags":{"primaryDeviceWidth":"1366","primaryDeviceHeight":"768","supportsPortrait":"true","supportsLandscape":"true","primaryFormFactor":"Tablet","showStatusBar":"false","publisherVersion":"3.25044.10","minimumRequiredApiVersion":"2.2.0","hasComponent":"false","hasUnlockedComponent":"false","isUnifiedRootApp":"false","sienaVersion":"20250512T074343Z-3.25044.10.0"},"properties":{"appVersion":"2025-05-12T07:43:43Z","lifeCycleId":"Published","createdByClientVersion":{"major":3,"minor":25044,"build":10,"revision":0,"majorRevision":0,"minorRevision":0},"minClientVersion":{"major":3,"minor":25044,"build":10,"revision":0,"majorRevision":0,"minorRevision":0},"backgroundColor":"RGBA(0,176,240,1)","backgroundImageUri":"/10802831078927533844/Nfc6d4c95-3eca-4ee8-9582-f1f729228230-logoSmallFile","displayName":"recipe api call","description":"","commitMessage":"","appUris":{"documentUri":{"value":"/10802831078927533844/N78672d2f-00e1-483e-9c97-b2a1373945e1-document.msapp"},"imageUris":[],"additionalUris":[{"isSolutionAware":false,"value":"/10802831078927533844/Nab45948f-233b-4674-b26f-356b7db900c6-identity.json"}]},"createdTime":"0001-01-01T00:00:00Z","lastModifiedTime":"0001-01-01T00:00:00Z","sharedGroupsCount":0,"sharedUsersCount":0,"connectionReferences":{"39eb4aed-55b5-41d6-936a-207a00689fe4":{"id":"95378c99-77bd-4b60-b88b-cc52bf378b0f","displayName":"Logic flows","iconUri":"https://conn-afd-prod-endpoint-bmc9bqahasf3grgk.b01.azurefd.net/releases/v1.0.1745/1.0.1745.4169/logicflows/icon.png","dataSources":["RecipeFlow"],"dependencies":[],"dependents":[],"parameterHints":{"workflowName":{"value":"8e9f7647-19a1-40d3-bb15-fe235d095be0"},"workflowEntityId":{},"workflowDisplayName":{"value":"RecipeFlow"}},"parameterHintsV2":{"workflowName":{"value":"8e9f7647-19a1-40d3-bb15-fe235d095be0"},"workflowEntityId":{},"workflowDisplayName":{"value":"RecipeFlow"}},"isOnPremiseConnection":false,"bypassConsent":false,"dataSets":{},"apiTier":"Standard","isCustomApiConnection":false,"actions":["Run"],"nestedActions":[]}},"databaseReferences":{},"almMode":"Environment","performanceOptimizationEnabled":true,"canConsumeAppPass":true,"enableModernRuntimeMode":false,"executionRestrictions":{"isTeamsOnly":false,"dataLossPreventionEvaluationResult":{"status":"Compliant","lastEvaluationDate":"2025-05-12T07:43:51.0392691Z","violations":[],"violationsByPolicy":[],"violationErrorMessage":"The app uses the following connectors: shared_logicflows."},"httpActionRestriction":{"appUsesSharepointHttpAction":false,"enforcementStrategy":"Legacy","evaluationTime":"2025-05-12T07:43:51.0391962Z"}}},"isAppComponentLibrary":false,"appType":"ClassicCanvasApp","appComponents":[]}}