<ImportExportXml version="9.2.25044.196" SolutionPackageVersion="9.2" languagecode="1033" generatedBy="CrmLive" xmlns:xsi="http://www.w3.org/2001/XMLSchema-instance" OrganizationVersion="9.2.25044.196" OrganizationSchemaType="Standard" CRMServerServiceabilityVersion="9.2.25054.00180">
  <SolutionManifest>
    <UniqueName>PerformanceManagement</UniqueName>
    <LocalizedNames>
      <LocalizedName description="Performance Management" languagecode="1033" />
    </LocalizedNames>
    <Descriptions />
    <Version>1.0.0.1</Version>
    <Managed>1</Managed>
    <Publisher>
      <UniqueName>Cr014f9</UniqueName>
      <LocalizedNames>
        <LocalizedName description="CDS Default Publisher" languagecode="1033" />
      </LocalizedNames>
      <Descriptions />
      <EMailAddress xsi:nil="true"></EMailAddress>
      <SupportingWebsiteUrl xsi:nil="true"></SupportingWebsiteUrl>
      <CustomizationPrefix>cr044</CustomizationPrefix>
      <CustomizationOptionValuePrefix>93914</CustomizationOptionValuePrefix>
      <Addresses>
        <Address>
          <AddressNumber>1</AddressNumber>
          <AddressTypeCode xsi:nil="true"></AddressTypeCode>
          <City xsi:nil="true"></City>
          <County xsi:nil="true"></County>
          <Country xsi:nil="true"></Country>
          <Fax xsi:nil="true"></Fax>
          <FreightTermsCode xsi:nil="true"></FreightTermsCode>
          <ImportSequenceNumber xsi:nil="true"></ImportSequenceNumber>
          <Latitude xsi:nil="true"></Latitude>
          <Line1 xsi:nil="true"></Line1>
          <Line2 xsi:nil="true"></Line2>
          <Line3 xsi:nil="true"></Line3>
          <Longitude xsi:nil="true"></Longitude>
          <Name xsi:nil="true"></Name>
          <PostalCode xsi:nil="true"></PostalCode>
          <PostOfficeBox xsi:nil="true"></PostOfficeBox>
          <PrimaryContactName xsi:nil="true"></PrimaryContactName>
          <ShippingMethodCode xsi:nil="true"></ShippingMethodCode>
          <StateOrProvince xsi:nil="true"></StateOrProvince>
          <Telephone1 xsi:nil="true"></Telephone1>
          <Telephone2 xsi:nil="true"></Telephone2>
          <Telephone3 xsi:nil="true"></Telephone3>
          <TimeZoneRuleVersionNumber xsi:nil="true"></TimeZoneRuleVersionNumber>
          <UPSZone xsi:nil="true"></UPSZone>
          <UTCOffset xsi:nil="true"></UTCOffset>
          <UTCConversionTimeZoneCode xsi:nil="true"></UTCConversionTimeZoneCode>
        </Address>
        <Address>
          <AddressNumber>2</AddressNumber>
          <AddressTypeCode xsi:nil="true"></AddressTypeCode>
          <City xsi:nil="true"></City>
          <County xsi:nil="true"></County>
          <Country xsi:nil="true"></Country>
          <Fax xsi:nil="true"></Fax>
          <FreightTermsCode xsi:nil="true"></FreightTermsCode>
          <ImportSequenceNumber xsi:nil="true"></ImportSequenceNumber>
          <Latitude xsi:nil="true"></Latitude>
          <Line1 xsi:nil="true"></Line1>
          <Line2 xsi:nil="true"></Line2>
          <Line3 xsi:nil="true"></Line3>
          <Longitude xsi:nil="true"></Longitude>
          <Name xsi:nil="true"></Name>
          <PostalCode xsi:nil="true"></PostalCode>
          <PostOfficeBox xsi:nil="true"></PostOfficeBox>
          <PrimaryContactName xsi:nil="true"></PrimaryContactName>
          <ShippingMethodCode xsi:nil="true"></ShippingMethodCode>
          <StateOrProvince xsi:nil="true"></StateOrProvince>
          <Telephone1 xsi:nil="true"></Telephone1>
          <Telephone2 xsi:nil="true"></Telephone2>
          <Telephone3 xsi:nil="true"></Telephone3>
          <TimeZoneRuleVersionNumber xsi:nil="true"></TimeZoneRuleVersionNumber>
          <UPSZone xsi:nil="true"></UPSZone>
          <UTCOffset xsi:nil="true"></UTCOffset>
          <UTCConversionTimeZoneCode xsi:nil="true"></UTCConversionTimeZoneCode>
        </Address>
      </Addresses>
    </Publisher>
    <RootComponents>
      <RootComponent type="1" schemaName="cr044_department" behavior="0" />
      <RootComponent type="1" schemaName="cr044_employee" behavior="0" />
      <RootComponent type="1" schemaName="cr044_employeegoal" behavior="0" />
      <RootComponent type="1" schemaName="cr044_goal" behavior="0" />
      <RootComponent type="1" schemaName="cr044_jobrole" behavior="0" />
      <RootComponent type="1" schemaName="cr044_performancereview" behavior="0" />
      <RootComponent type="1" schemaName="cr044_reviewcriteria" behavior="0" />
      <RootComponent type="29" id="{df8b716e-1e3b-f011-8c4e-002248596e4d}" behavior="0" />
      <RootComponent type="60" id="{7304b518-7540-f011-8779-002248596e4d}" behavior="0" />
      <RootComponent type="62" schemaName="cr044_PerformanceManagement" behavior="0" />
      <RootComponent type="80" schemaName="cr044_PerformanceManagement" behavior="0" />
      <RootComponent type="431" schemaName="cr044_employee cr044_photo" behavior="0" />
      <RootComponent type="432" schemaName="cr044_employee" behavior="0" />
    </RootComponents>
    <MissingDependencies>
      <MissingDependency>
        <Required type="61" schemaName="msdyn_/Images/AppModule_Default_Icon.png" displayName="msdyn_/Images/AppModule_Default_Icon.png" solution="AppModuleWebResources (2.5)">
          <package appName="AppModule Web Resources Package" version="2.5">AppModuleWebResources (2.5)</package>
        </Required>
        <Dependent type="80" schemaName="cr044_PerformanceManagement" displayName="Performance Management" />
      </MissingDependency>
      <MissingDependency>
        <Required type="SettingDefinition" displayName="AppChannel" solution="msdyn_AppFrameworkInfraExtensions (1.0.0.14)" id.uniquename="AppChannel">
          <package appName="PowerAppsAppFramework Package" version="1.0.0.19">PowerAppsAppFramework_Anchor (1.0.0.19)</package>
        </Required>
        <Dependent type="AppSetting" displayName="parentappmoduleid.uniquename=cr044_PerformanceManagement,settingdefinitionid.uniquename=AppChannel" id.parentappmoduleid.uniquename="cr044_PerformanceManagement" id.settingdefinitionid.uniquename="AppChannel" />
      </MissingDependency>
    </MissingDependencies>
  </SolutionManifest>
</ImportExportXml>