{"name":"cd405dbf-661f-4378-a4ee-2ff08b64716c","id":"/providers/Microsoft.Flow/flows/cd405dbf-661f-4378-a4ee-2ff08b64716c","type":"Microsoft.Flow/flows","properties":{"apiId":"/providers/Microsoft.PowerApps/apis/shared_logicflows","displayName":"RecipeFlow","definition":{"metadata":{"workflowEntityId":null,"processAdvisorMetadata":null,"flowChargedByPaygo":null,"flowclientsuspensionreason":"None","flowclientsuspensiontime":null,"flowclientsuspensionreasondetails":null,"creator":{"id":"33ffc883-0e3a-4a30-b8ee-e74f04dfdb1e","type":"User","tenantId":"baf831e0-9156-4e9c-84f6-9a44a5297fea"},"provisioningMethod":"FromDefinition","failureAlertSubscription":true,"clientLastModifiedTime":"2025-05-12T06:16:07.9973809Z","connectionKeySavedTimeKey":"2025-05-12T06:16:07.9973809Z","creationSource":"PowerappsPpux","modifiedSources":"PowerappsPpux"},"$schema":"https://schema.management.azure.com/providers/Microsoft.Logic/schemas/2016-06-01/workflowdefinition.json#","contentVersion":"1.0.0.0","parameters":{"$authentication":{"defaultValue":{},"type":"SecureObject"}},"triggers":{"manual":{"metadata":{"operationMetadataId":"a4452d5b-c143-43d3-99a3-23ac64d91883"},"type":"Request","kind":"PowerAppV2","inputs":{"schema":{"type":"object","properties":{"text":{"title":"Recipe","type":"string","x-ms-dynamically-added":true,"description":"Please enter your input","x-ms-content-hint":"TEXT"}},"required":["text"]}}}},"actions":{"HTTP":{"runAfter":{},"metadata":{"operationMetadataId":"25ebac8f-392d-4014-aa0a-01189c1521f7"},"type":"Http","inputs":{"method":"GET","uri":"https://api.api-ninjas.com/v1/recipe?query=@{triggerBody()['text']}","headers":{"X-Api-Key":"jp5RwzwyjGhdhRs9WkQUaw==7lGRU0dZ1PjZzfk9"}}},"Respond_to_a_Power_App_or_flow":{"runAfter":{"HTTP":["Succeeded"]},"metadata":{"operationMetadataId":"4bf5df1d-ce62-4a93-bc23-0bf761d984c5"},"type":"Response","kind":"PowerApp","inputs":{"statusCode":200,"body":{"response":"@{body('HTTP')}"},"schema":{"type":"object","properties":{"response":{"title":"Response","x-ms-dynamically-added":true,"type":"string"}}}}}}},"connectionReferences":{},"flowFailureAlertSubscribed":false,"isManaged":false}}