{"schemaVersion":"1.0","appDefinitionTemplate":{"id":"/providers/Microsoft.PowerApps/apps/","type":"Microsoft.PowerApps/apps","tags":{"primaryDeviceWidth":"1366","primaryDeviceHeight":"768","supportsPortrait":"true","supportsLandscape":"true","primaryFormFactor":"Tablet","showStatusBar":"false","publisherVersion":"3.25044.10","minimumRequiredApiVersion":"2.2.0","hasComponent":"false","hasUnlockedComponent":"false","isUnifiedRootApp":"false","sienaVersion":"20250512T130618Z-3.25044.10.0"},"properties":{"appVersion":"2025-05-12T13:06:18Z","lifeCycleId":"Published","createdByClientVersion":{"major":3,"minor":25044,"build":10,"revision":0,"majorRevision":0,"minorRevision":0},"minClientVersion":{"major":3,"minor":25044,"build":10,"revision":0,"majorRevision":0,"minorRevision":0},"backgroundColor":"RGBA(0,176,240,1)","backgroundImageUri":"/6937183724939392285/Ndfcd491c-cff1-471d-b2c0-0921f15f28e6-logoSmallFile","displayName":"Customer Feedback","description":"","commitMessage":"","appUris":{"documentUri":{"value":"/6937183724939392285/N9356eab5-f71d-4a38-9c18-2db5d7fd3b03-document.msapp"},"imageUris":[],"additionalUris":[{"isSolutionAware":false,"value":"/6937183724939392285/N698145b9-9188-408d-9509-67daebdb0562-identity.json"}]},"createdTime":"0001-01-01T00:00:00Z","lastModifiedTime":"0001-01-01T00:00:00Z","sharedGroupsCount":0,"sharedUsersCount":0,"connectionReferences":{"ab4e4b5e-41dc-4728-833b-8e1994d6a646":{"id":"70ed9c9e-4052-4d52-8530-33ff7129753a","displayName":"SharePoint","iconUri":"https://conn-afd-prod-endpoint-bmc9bqahasf3grgk.b01.azurefd.net/releases/v1.0.1746/1.0.1746.4174/sharepointonline/icon.png","dataSources":["Customer Feedback"],"dependencies":[],"dependents":[],"parameterHints":{},"parameterHintsV2":{},"isOnPremiseConnection":false,"bypassConsent":false,"dataSets":{"https://7d63mp.sharepoint.com/sites/powerlearning":{"dataSources":{"Customer Feedback":{"tableName":"50eba81a-b6f8-4b4c-8256-18d5450ded35"}}}},"apiTier":"Standard","isCustomApiConnection":false,"actions":["providers/PowerPlatform.Governance/Operations/Read","providers/PowerPlatform.Governance/Operations/Write"]}},"databaseReferences":{},"almMode":"Environment","performanceOptimizationEnabled":true,"canConsumeAppPass":true,"enableModernRuntimeMode":false,"executionRestrictions":{"isTeamsOnly":false,"dataLossPreventionEvaluationResult":{"status":"Compliant","lastEvaluationDate":"2025-05-12T13:06:23.2119358Z","violations":[],"violationsByPolicy":[],"violationErrorMessage":"The app uses the following connectors: shared_sharepointonline."}}},"isAppComponentLibrary":false,"appType":"ClassicCanvasApp","appComponents":[]}}