<ImportExportXml version="9.2.25044.196" SolutionPackageVersion="9.2" languagecode="1033" generatedBy="CrmLive" xmlns:xsi="http://www.w3.org/2001/XMLSchema-instance" OrganizationVersion="9.2.25044.196" OrganizationSchemaType="Standard" CRMServerServiceabilityVersion="9.2.25061.00194">
  <SolutionManifest>
    <UniqueName>Recruitment</UniqueName>
    <LocalizedNames>
      <LocalizedName description="Recruitment" languagecode="1033" />
    </LocalizedNames>
    <Descriptions />
    <Version>1.0.0.1</Version>
    <Managed>1</Managed>
    <Publisher>
      <UniqueName>Cr014f9</UniqueName>
      <LocalizedNames>
        <LocalizedName description="CDS Default Publisher" languagecode="1033" />
      </LocalizedNames>
      <Descriptions />
      <EMailAddress xsi:nil="true"></EMailAddress>
      <SupportingWebsiteUrl xsi:nil="true"></SupportingWebsiteUrl>
      <CustomizationPrefix>cr044</CustomizationPrefix>
      <CustomizationOptionValuePrefix>93914</CustomizationOptionValuePrefix>
      <Addresses>
        <Address>
          <AddressNumber>1</AddressNumber>
          <AddressTypeCode xsi:nil="true"></AddressTypeCode>
          <City xsi:nil="true"></City>
          <County xsi:nil="true"></County>
          <Country xsi:nil="true"></Country>
          <Fax xsi:nil="true"></Fax>
          <FreightTermsCode xsi:nil="true"></FreightTermsCode>
          <ImportSequenceNumber xsi:nil="true"></ImportSequenceNumber>
          <Latitude xsi:nil="true"></Latitude>
          <Line1 xsi:nil="true"></Line1>
          <Line2 xsi:nil="true"></Line2>
          <Line3 xsi:nil="true"></Line3>
          <Longitude xsi:nil="true"></Longitude>
          <Name xsi:nil="true"></Name>
          <PostalCode xsi:nil="true"></PostalCode>
          <PostOfficeBox xsi:nil="true"></PostOfficeBox>
          <PrimaryContactName xsi:nil="true"></PrimaryContactName>
          <ShippingMethodCode xsi:nil="true"></ShippingMethodCode>
          <StateOrProvince xsi:nil="true"></StateOrProvince>
          <Telephone1 xsi:nil="true"></Telephone1>
          <Telephone2 xsi:nil="true"></Telephone2>
          <Telephone3 xsi:nil="true"></Telephone3>
          <TimeZoneRuleVersionNumber xsi:nil="true"></TimeZoneRuleVersionNumber>
          <UPSZone xsi:nil="true"></UPSZone>
          <UTCOffset xsi:nil="true"></UTCOffset>
          <UTCConversionTimeZoneCode xsi:nil="true"></UTCConversionTimeZoneCode>
        </Address>
        <Address>
          <AddressNumber>2</AddressNumber>
          <AddressTypeCode xsi:nil="true"></AddressTypeCode>
          <City xsi:nil="true"></City>
          <County xsi:nil="true"></County>
          <Country xsi:nil="true"></Country>
          <Fax xsi:nil="true"></Fax>
          <FreightTermsCode xsi:nil="true"></FreightTermsCode>
          <ImportSequenceNumber xsi:nil="true"></ImportSequenceNumber>
          <Latitude xsi:nil="true"></Latitude>
          <Line1 xsi:nil="true"></Line1>
          <Line2 xsi:nil="true"></Line2>
          <Line3 xsi:nil="true"></Line3>
          <Longitude xsi:nil="true"></Longitude>
          <Name xsi:nil="true"></Name>
          <PostalCode xsi:nil="true"></PostalCode>
          <PostOfficeBox xsi:nil="true"></PostOfficeBox>
          <PrimaryContactName xsi:nil="true"></PrimaryContactName>
          <ShippingMethodCode xsi:nil="true"></ShippingMethodCode>
          <StateOrProvince xsi:nil="true"></StateOrProvince>
          <Telephone1 xsi:nil="true"></Telephone1>
          <Telephone2 xsi:nil="true"></Telephone2>
          <Telephone3 xsi:nil="true"></Telephone3>
          <TimeZoneRuleVersionNumber xsi:nil="true"></TimeZoneRuleVersionNumber>
          <UPSZone xsi:nil="true"></UPSZone>
          <UTCOffset xsi:nil="true"></UTCOffset>
          <UTCConversionTimeZoneCode xsi:nil="true"></UTCConversionTimeZoneCode>
        </Address>
      </Addresses>
    </Publisher>
    <RootComponents>
      <RootComponent type="1" schemaName="aaduser" behavior="1" />
      <RootComponent type="1" schemaName="contact" behavior="1" />
      <RootComponent type="1" schemaName="cr044_application" behavior="0" />
      <RootComponent type="1" schemaName="cr044_recruitmentprocess" behavior="0" />
      <RootComponent type="1" schemaName="cr044_role" behavior="0" />
      <RootComponent type="9" schemaName="cr044_outcome" behavior="0" />
      <RootComponent type="29" id="{59e65749-293a-f011-8c4e-002248596e4d}" behavior="0" />
      <RootComponent type="62" schemaName="cr044_RecruitmentApp" behavior="0" />
      <RootComponent type="80" schemaName="cr044_RecruitmentApp" behavior="0" />
      <RootComponent type="300" schemaName="cr044_welcomepage_5c729" behavior="0" />
    </RootComponents>
    <MissingDependencies>
      <MissingDependency>
        <Required type="1" schemaName="aaduser" displayName="Microsoft Entra ID" solution="MetadataExtension (1.0.2.109)">
          <package appName="Data Modeling Extensions Package" version="1.0.0.34">msft_AsyncAttributeMetadataApp (1.0.0.34)</package>
        </Required>
        <Dependent type="1" schemaName="aaduser" displayName="Microsoft Entra ID" />
      </MissingDependency>
      <MissingDependency>
        <Required type="61" schemaName="msdyn_/Icons/AnalysisJob.svg" displayName="msdyn_/Icons/AnalysisJob.svg" solution="msdyn_PowerAppsChecker (2.0.0.11)">
          <package appName="PowerAppsChecker" version="2.0.0.11">msdyn_PowerAppsCheckerAnchor (2.0.0.11)</package>
        </Required>
        <Dependent type="62" schemaName="cr044_RecruitmentApp" />
      </MissingDependency>
      <MissingDependency>
        <Required type="61" schemaName="msdyn_/Images/AppModule_Default_Icon.png" displayName="msdyn_/Images/AppModule_Default_Icon.png" solution="AppModuleWebResources (2.5)">
          <package appName="AppModule Web Resources Package" version="2.5">AppModuleWebResources (2.5)</package>
        </Required>
        <Dependent type="80" schemaName="cr044_RecruitmentApp" displayName="Recruitment App" />
      </MissingDependency>
      <MissingDependency>
        <Required type="61" schemaName="Templates.svg" displayName="Templates.svg" solution="PowerPlatformEnvironmentSettings (1.1.1.1494)">
          <package appName="PowerPlatformEnvironmentSettingsApp" version="1.1.1.1494">PowerPlatformEnvironmentSettingsApp_Anchor (1.1.1.1494)</package>
        </Required>
        <Dependent type="62" schemaName="cr044_RecruitmentApp" />
      </MissingDependency>
      <MissingDependency>
        <Required type="66" schemaName="Microsoft.PowerApps.PowerAppsOneGrid" displayName="Microsoft.PowerApps.PowerAppsOneGrid" solution="BaseCustomControlsCore (9.0.2504.4015)">
          <package appName="Base Custom Controls" version="9.0.2504.4015">BaseCustomControlsCore (9.0.2504.4015)</package>
        </Required>
        <Dependent type="26" schemaName="Active Roles" displayName="Active Roles" parentSchemaName="cr044_role" parentDisplayName="Role" id="{e54f825c-a693-432f-a39a-a014756b9e6c}" />
      </MissingDependency>
      <MissingDependency>
        <Required type="SettingDefinition" displayName="AppChannel" solution="msdyn_AppFrameworkInfraExtensions (1.0.0.14)" id.uniquename="AppChannel">
          <package appName="PowerAppsAppFramework Package" version="1.0.0.19">PowerAppsAppFramework_Anchor (1.0.0.19)</package>
        </Required>
        <Dependent type="AppSetting" displayName="parentappmoduleid.uniquename=cr044_RecruitmentApp,settingdefinitionid.uniquename=AppChannel" id.parentappmoduleid.uniquename="cr044_RecruitmentApp" id.settingdefinitionid.uniquename="AppChannel" />
      </MissingDependency>
      <MissingDependency>
        <Required type="SettingDefinition" displayName="ServerMode" solution="SettingDefinitionsData (9.2.2502.2502222)" id.uniquename="ServerMode">
          <package appName="AppModule" version="9.2.2502.2502222">AppModuleSolutionAnchor (9.2.2502.2502222)</package>
        </Required>
        <Dependent type="AppSetting" displayName="parentappmoduleid.uniquename=cr044_RecruitmentApp,settingdefinitionid.uniquename=ServerMode" id.parentappmoduleid.uniquename="cr044_RecruitmentApp" id.settingdefinitionid.uniquename="ServerMode" />
      </MissingDependency>
    </MissingDependencies>
  </SolutionManifest>
</ImportExportXml>